<?xml version="1.0" encoding="UTF-8" standalone="yes"?>
<addon id="plugin.video.mirror" name="Kodi Mirror" version="0.2"
	provider-name="McSwindler">
	<requires>
		<import addon="xbmc.python" version="2.1.0" />
		<import addon="script.module.requests" version="1.1.0" />
		<import addon="script.module.simplejson" version="2.0.10" />
	</requires>
	<extension point="xbmc.python.pluginsource" library="addon.py">
		<provides>video</provides>
	</extension>
	<extension point="xbmc.addon.metadata">
		<summary lang="en">Mirror content from a server Kodi installation</summary>
		<description lang="en">Streams the content being played on the server onto this client</description>
		<disclaimer lang="en"></disclaimer>
		<language>English</language>
		<platform>all</platform>
		<license>The MIT License (MIT)</license>
		<forum></forum>
		<website></website>
		<email>wilingua@gmail.com</email>
		<source>https://github.com/McSwindler/kodi-mirror</source>
	</extension>
</addon>